{"500k": {"var": 18.912045186864404, "count": 562, "mean": 0.41637010676156583}, "100k": {"var": 11.34895463510848, "count": 585, "mean": 0.12307692307692308}, "experimentname": "My experiment 1"}
