{"500k": {"var": 18.835718608113272, "count": 519, "mean": 0.50481695568400775}, "100k": {"var": 3.4812551696770671, "count": 2158, "mean": -0.85171455050973122}, "experimentname": "My experiment 2"}
